timestamp,clientcon,clientcon_active,clientcon_idle
1617256800,1226,902,324
1617278400,1103,833,270
1617300000,1099,826,273
1617321600,1115,848,267
1617343200,1064,801,263
1617364800,1059,791,267
1617386400,1062,790,272
1617408000,1062,790,272
1617429600,1057,797,260
1617451200,1064,796,268
1617472800,1073,804,269
1617494400,1097,813,283
1617516000,1073,806,266
1617537600,1053,802,251
1617559200,1078,805,272
1617580800,1076,809,267
1617602400,1084,813,271
1617624000,1056,794,263
1617645600,1347,950,397
1617667200,1442,1021,420
1617688800,1231,910,321
1617710400,1126,841,285
1617732000,1424,1018,406
1617753600,1493,1048,445
1617775200,1231,895,336
1617796800,1140,845,295
1617818400,1434,1008,425
1617840000,1487,1056,432
1617861600,1245,901,344
1617883200,1143,843,300
1617904800,1426,990,436
1617926400,1475,1034,442
1617948000,1244,903,341
1617969600,1170,854,316
1617991200,1407,987,420
1618012800,1427,1009,418
1618034400,1166,830,337
1618056000,1094,785,309
1618077600,1101,784,317
1618099200,1095,786,309
1618120800,1057,781,277
1618142400,1029,763,266
1618164000,1056,765,290
1618185600,1044,765,278
1618207200,1037,760,277
1618228800,1017,751,266
1618250400,1341,932,409
1618272000,1446,1004,443
1618293600,1212,871,341
1618315200,1125,805,321
1618336800,1398,951,447
1618358400,1490,1003,486
1618380000,1239,876,362
1618401600,1152,814,338
1618423200,1418,963,455
1618444800,1450,994,456
1618464600,1085,792,293
1618466400,1073,783,290
1618468200,1041,769,272
1618470000,1029,759,270
1618471800,1043,758,285
1618473600,1025,747,279
1618475400,1031,746,285
1618477200,1033,748,285
1618479000,1012,743,269
1618480800,1013,741,272
1618482600,1000,745,256
1618484400,992,740,252
1618486200,1047,750,296
1618488000,1051,756,295
1618489800,1032,752,280
1618491600,1073,766,307
1618493400,1122,798,324
1618495200,1192,819,373
1618497000,1285,867,418
1618498800,1411,931,479
1618500600,1409,973,436
1618502400,1375,966,410
1618504200,1473,1006,468
1618506000,1538,1057,482
1618507800,1496,1027,468
1618509600,1445,1017,428
1618511400,1432,989,443
1618513200,1405,981,424
1618515000,1394,973,421
1618516800,1455,998,457
1618518600,1432,987,445
1618520400,1445,992,453
1618522200,1454,1007,448
1618524000,1474,1008,466
1618525800,1438,990,448
1618527600,1381,973,408
1618529400,1314,943,371
1618531200,1295,938,357
1618533000,1240,903,337
1618534800,1196,880,317
1618536600,1170,866,305
1618538400,1137,846,291
1618540200,1111,830,281
1618542000,1093,804,290
1618543800,1078,805,274
1618545600,1087,804,283
1618547400,1096,811,285
1618549200,1076,798,278
1618551000,1052,781,271
1618552800,1057,782,275
1618554600,1032,774,259
1618556400,1041,767,274
1618558200,1049,771,278
1618560000,1063,769,294
1618561800,1029,759,271
1618563600,1046,772,275
1618565400,1028,769,259
1618567200,1028,762,266
1618569000,1026,763,263
1618570800,1011,760,251
1618572600,1016,765,251
1618574400,1019,766,253
1618576200,1049,771,278
1618578000,1127,810,318
1618579800,1159,819,340
1618581600,1163,838,324
1618583400,1316,900,415
1618585200,1410,965,445
1618587000,1380,982,398
1618588800,1442,985,456
1618590600,1446,998,448
1618592400,1434,974,461
1618594200,1362,916,446
1618596000,1385,933,452
1618597800,1340,928,412
1618599600,1263,888,374
1618601400,1295,907,389
1618603200,1365,930,435
1618605000,1346,932,414
1618606800,1403,943,461
1618608600,1375,945,430
1618610400,1381,945,436
1618612200,1396,943,452
1618614000,1305,909,396
1618615800,1315,915,400
1618617600,1300,893,407
1618619400,1234,862,372
1618621200,1218,851,367
1618623000,1148,819,329
1618624800,1133,810,323
1618626600,1103,798,305
1618628400,1078,790,288
1618630200,1059,792,267
1618632000,1056,778,278
1618633800,1028,764,263
1618635600,1062,775,287
1618637400,1025,764,261
1618639200,1009,763,246
1618641000,997,746,251
1618642800,993,742,251
1618644600,1020,754,266
1618646400,1013,751,262
1618648200,1010,746,264
1618650000,1010,748,262
1618651800,1004,739,265
1618653600,1011,738,272
1618655400,1004,749,255
1618657200,990,734,256
1618659000,990,739,251
1618660800,997,742,255
1618662600,1009,743,266
1618664400,993,739,254
1618666200,984,738,246
1618668000,997,748,249
1618669800,997,747,250
1618671600,993,738,255
1618673400,983,742,241
1618675200,997,754,243
1618677000,976,730,246
1618678800,1000,750,250
1618680600,995,743,252
1618682400,991,740,250
1618684200,966,733,233
1618686000,981,728,253
1618687800,980,732,248
1618689600,982,729,253
1618691400,984,743,242
1618693200,966,727,239
1618695000,972,735,237
1618696800,966,724,242
1618698600,952,723,229
1618700400,960,725,235
1618702200,959,726,232
1618704000,942,718,224
1618705800,949,720,229
1618707600,946,721,224
1618709400,950,722,228
1618711200,944,717,226
1618713000,952,719,233
1618714800,944,723,221
1618716600,966,722,243
1618718400,947,716,232
1618720200,938,716,222
1618722000,951,704,246
1618723800,930,694,236
1618725600,925,706,219
1618727400,917,691,227
1618729200,945,708,237
1618731000,927,702,224
1618732800,929,705,224
1618734600,917,693,224
1618736400,922,700,222
1618738200,906,693,213
1618740000,908,691,217
1618741800,897,698,199
1618743600,893,688,204
1618745400,879,690,190
1618747200,915,705,210
1618749000,896,695,202
1618750800,918,699,219
1618752600,915,700,215
1618754400,922,703,219
1618756200,911,704,207
1618758000,907,696,211
1618759800,914,698,216
1618761600,942,713,229
1618763400,927,710,217
1618765200,939,706,234
1618767000,954,718,236
1618768800,958,711,247
1618770600,944,726,218
1618772400,933,715,218
1618774200,934,710,224
1618776000,948,714,234
1618777800,946,712,235
1618779600,927,703,225
1618781400,935,712,223
1618783200,928,710,218
1618785000,940,724,216
1618786800,948,717,231
1618788600,956,722,234
1618790400,942,719,223
1618792200,942,708,235
1618794000,950,720,231
1618795800,950,718,232
1618797600,969,729,240
1618799400,952,725,226
1618801200,959,725,234
1618803000,933,720,214
1618804800,941,725,215
1618806600,929,721,208
1618808400,925,715,210
1618810200,937,719,217
1618812000,932,715,217
1618813800,910,709,201
1618815600,924,705,219
1618817400,925,705,220
1618819200,922,699,224
1618821000,918,700,218
1618822800,916,699,218
1618824600,908,693,215
1618826400,908,696,211
1618828200,901,694,207
1618830000,920,706,215
1618831800,911,699,211
1618833600,912,700,211
1618835400,930,710,220
1618837200,980,731,249
1618839000,1042,751,291
1618840800,1080,789,291
1618842600,1249,850,399
1618844400,1330,901,429
1618846200,1327,920,407
1618848000,1414,948,466
1618849800,1392,971,421
1618851600,1417,983,434
1618853400,1432,998,434
1618855200,1400,986,413
1618857000,1355,983,371
1618858800,1311,958,353
1618860600,1345,971,373
1618862400,1361,975,386
1618864200,1387,1015,373
1618866000,1405,1006,399
1618867800,1420,1020,400
1618869600,1463,1024,439
1618871400,1411,1021,389
1618873200,1405,1014,391
1618875000,1337,986,351
1618876800,1279,948,331
1618878600,1236,916,320
1618880400,1208,904,303
1618882200,1193,882,311
1618884000,1160,876,284
1618885800,1118,857,260
1618887600,1125,846,279
1618889400,1145,850,294
1618891200,1086,832,254
1618893000,1074,814,260
1618894800,1052,797,255
1618896600,1040,794,246
1618898400,1026,786,241
1618900200,1031,792,239
1618902000,1043,798,245
1618903800,1020,777,243
1618905600,1034,790,245
1618907400,1012,767,246
1618909200,1009,764,244
1618911000,1012,768,245
1618912800,1022,764,257
1618914600,988,758,230
1618916400,986,761,226
1618918200,1012,774,238
1618920000,1026,779,248
1618921800,1031,778,254
1618923600,1057,791,266
1618925400,1094,809,285
1618927200,1153,836,317
1618929000,1293,903,390
1618930800,1363,957,406
1618932600,1421,992,429
1618934400,1444,1019,425
1618936200,1459,1012,446
1618938000,1506,1027,480
1618939800,1464,1028,436
1618941600,1412,1014,398
1618943400,1390,1005,385
1618945200,1360,977,383
1618947000,1373,961,412
1618948800,1385,982,403
1618950600,1375,985,389
1618952400,1467,1011,456
1618954200,1395,1023,371
1618956000,1457,1039,418
1618957800,1428,1042,386
1618959600,1389,1023,366
1618961400,1367,1010,357
1618963200,1295,966,329
1618965000,1287,944,344
1618966800,1239,914,325
1618968600,1195,897,297
1618970400,1191,899,292
1618972200,1185,890,294
1618974000,1168,889,279
1618975800,1211,893,317
1618977600,1176,878,298
1618979400,1130,844,285
1618981200,1112,834,278
1618983000,1084,831,253
1618984800,1092,830,262
1618986600,1062,805,257
1618988400,1076,808,268
1618990200,1072,806,266
1618992000,1092,809,283
1618993800,1091,806,285
1618995600,1095,809,286
1618997400,1062,801,261
1618999200,1047,798,249
1619001000,1035,796,239
1619002800,1039,796,244
1619004600,1035,795,240
1619006400,1066,809,257
1619008200,1071,813,258
1619010000,1121,832,289
1619011800,1167,883,284
1619013600,1199,889,309
1619015400,1341,955,386
1619017200,1415,982,432
1619019000,1454,1023,431
1619020800,1483,1027,455
1619022600,1530,1013,517
1619024400,1539,1046,494
1619026200,1554,1062,492
1619028000,1489,1050,438
1619029800,1457,1015,443
1619031600,1407,987,420
1619033400,1429,992,437
1619035200,1449,1011,438
1619037000,1446,1008,438
1619038800,1505,1024,481
1619040600,1489,1030,459
1619042400,1428,1017,411
1619044200,1434,1008,425
1619046000,1417,1006,410
1619047800,1314,950,364
1619049600,1260,931,329
1619051400,1291,920,371
1619053200,1287,924,363
1619055000,1233,897,336
1619056800,1200,888,312
1619058600,1230,893,337
1619060400,1208,876,332
1619062200,1220,869,351
1619064000,1176,862,314
1619065800,1158,837,321
1619067600,1145,835,310
1619069400,1120,825,295
1619071200,1125,833,292
1619073000,1098,809,289
1619074800,1103,819,284
1619076600,1077,810,267
1619078400,1086,804,283
1619080200,1094,800,295
1619082000,1076,794,282
1619083800,1073,787,286
1619085600,1055,793,262
1619087400,1047,793,254
1619089200,1060,792,269
1619091000,1079,796,283
1619092800,1099,798,302
1619094600,1107,807,300
1619096400,1164,820,344
1619098200,1190,855,336
1619100000,1182,846,336
1619101800,1342,917,425
1619103600,1442,966,476
1619105400,1461,986,475
1619107200,1494,1022,472
1619109000,1469,1007,462
1619110800,1526,1030,497
1619112600,1473,1036,437
1619114400,1433,1008,426
1619116200,1410,1025,385
1619118000,1368,988,380
1619119800,1358,982,375
1619121600,1392,1009,383
1619123400,1450,1031,419
1619125200,1440,1014,426
1619127000,1360,979,381
1619128800,1337,964,373
1619130600,1306,946,361
1619132400,1282,938,343
1619134200,1272,933,339
1619136000,1261,921,340
1619137800,1204,894,310
1619139600,1190,856,334
1619141400,1182,859,324
1619143200,1169,862,307
1619145000,1126,847,279
1619146800,1116,836,280
1619148600,1072,800,272
1619150400,1070,818,252
1619152200,1066,813,253
1619154000,1066,801,264
1619155800,1079,798,281
1619157600,1066,797,269
1619159400,1029,777,252
1619161200,1024,775,250
1619163000,1026,776,249
1619164800,1018,771,246
1619166600,1041,780,262
1619168400,1055,782,272
1619170200,1082,779,303
1619172000,1027,761,266
1619173800,1040,771,268
1619175600,1027,769,258
1619177400,1033,771,262
1619179200,1046,771,275
1619181000,1065,794,272
1619182800,1128,795,333
1619184600,1144,820,324
1619186400,1170,830,340
1619188200,1344,915,429
1619190000,1387,955,433
1619191800,1425,998,427
1619193600,1458,1010,448
1619195400,1464,1033,431
1619197200,1453,1015,438
1619199000,1499,1055,444
1619200800,1408,1018,390
1619202600,1436,1036,400
1619204400,1394,988,405
1619206200,1351,991,360
1619208000,1378,1025,353
1619209800,1441,1033,408
1619211600,1454,1025,428
1619213400,1184,822,362
1619215200,950,652,299
1619217000,929,655,274
1619218800,991,705,286
1619220600,960,685,275
1619222400,896,662,234
1619224200,877,656,221
1619226000,842,624,218
1619227800,805,610,195
1619229600,772,601,171
1619231400,754,593,161
1619233200,735,583,152
1619235000,745,582,163
1619236800,744,579,165
1619238600,728,576,152
1619240400,721,566,155
1619242200,688,549,139
1619244000,665,535,130
1619245800,671,535,136
1619247600,677,536,141
1619249400,674,535,139
1619251200,673,530,144
1619253000,670,527,143
1619254800,657,522,135
1619256600,652,521,131
1619258400,665,518,147
1619260200,671,518,153
1619262000,658,518,140
1619263800,656,516,140
1619265600,651,518,133
1619267400,653,522,132
1619269200,677,529,148
1619271000,692,534,157
1619272800,684,535,149
1619274600,699,536,163
1619276400,693,539,154
1619278200,691,538,153
1619280000,698,543,154
1619281800,692,543,149
1619283600,694,545,149
1619285400,703,548,155
1619287200,683,540,144
1619289000,697,547,150
1619290800,688,530,157
1619292600,682,534,148
1619294400,692,542,150
1619296200,710,549,162
1619298000,707,539,168
1619299800,702,542,160
1619301600,687,545,143
1619303400,694,542,152
1619305200,710,546,164
1619307000,670,545,125
1619308800,684,553,131
1619310600,675,545,129
1619312400,675,552,123
1619314200,673,560,114
1619316000,686,562,124
1619317800,684,562,122
1619319600,679,560,119
1619321400,678,558,121
1619323200,684,563,121
1619325000,664,554,110
1619326800,673,555,119
1619328600,683,561,122
1619330400,688,560,128
1619332200,671,560,112
1619334000,676,561,115
1619335800,660,551,109
1619337600,654,550,104
1619339400,678,554,124
1619341200,680,548,132
1619343000,679,554,125
1619344800,661,546,115
1619346600,665,548,117
1619348400,652,546,106
1619350200,658,543,115
1619352000,668,546,122
1619353800,661,539,122
1619355600,672,541,132
1619357400,653,542,111
1619359200,649,538,111
1619361000,671,546,125
1619362800,671,549,122
1619364600,665,556,109
1619366400,671,552,119
1619368200,680,557,123
1619370000,689,551,138
1619371800,690,552,138
1619373600,699,557,142
1619375400,675,551,125
1619377200,680,552,128
1619379000,686,558,128
1619380800,706,556,150
1619382600,675,542,132
1619384400,681,546,135
1619386200,666,544,122
1619388000,685,545,141
1619389800,691,546,145
1619391600,680,534,146
1619393400,671,523,148
1619395200,659,526,133
1619397000,651,517,133
1619398800,657,511,146
1619400600,662,519,143
1619402400,685,534,151
1619404200,663,527,136
1619406000,665,535,130
1619407800,655,538,117
1619409600,685,540,145
1619411400,684,539,146
1619413200,672,538,134
1619415000,666,538,127
1619416800,652,525,127
1619418600,663,529,134
1619420400,658,528,130
1619422200,633,526,107
1619424000,632,525,107
1619425800,645,522,123
1619427600,651,526,125
1619429400,638,524,115
1619431200,645,519,126
1619433000,653,519,134
1619434800,639,521,118
1619436600,651,531,120
1619438400,673,535,139
1619440200,696,545,151
1619442000,746,561,185
1619443800,773,586,186
1619445600,909,631,277
1619447400,1050,696,353
1619449200,1114,761,352
1619451000,1188,795,393
1619452800,1184,811,373
1619454600,1174,830,344
1619456400,1173,836,337
1619458200,1210,827,383
1619460000,1224,849,375
1619461800,1139,812,327
1619463600,1065,795,270
1619465400,1092,782,310
1619467200,1151,820,331
1619469000,1192,848,344
1619470800,1200,840,360
1619472600,1230,853,377
1619474400,1209,828,381
1619476200,1156,804,352
1619478000,1182,801,381
1619479800,1108,772,336
1619481600,1042,743,299
1619483400,1020,734,286
1619485200,1003,724,278
1619487000,978,696,283
1619488800,938,684,254
1619490600,913,676,237
1619492400,876,663,213
1619494200,872,650,222
1619496000,887,654,233
1619497800,873,642,230
1619499600,928,699,229
1619501400,852,628,224
1619503200,829,624,205
1619505000,833,617,217
1619506800,831,614,217
1619508600,831,618,213
1619510400,814,613,200
1619512200,814,606,208
1619514000,804,599,205
1619515800,804,598,206
1619517600,805,599,206
1619519400,806,601,205
1619521200,799,602,197
1619523000,808,610,197
1619524800,825,609,217
1619526600,858,624,233
1619528400,884,632,252
1619530200,924,655,269
1619532000,980,692,288
1619533800,1055,729,326
1619535600,1141,773,368
1619537400,1210,812,398
1619539200,1249,835,413
1619541000,1261,866,395
1619542800,1283,876,408
1619544600,1260,862,398
1619546400,1220,846,374
1619548200,1216,883,333
1619550000,1181,846,335
1619551800,1201,854,348
1619553600,1270,879,392
1619555400,1273,891,382
1619557200,1332,900,432
1619559000,1310,898,411
1619560800,1319,878,440
1619562600,1249,887,362
1619564400,1240,878,362
1619566200,1186,848,339
1619568000,1172,834,339
1619569800,1125,814,311
1619571600,1094,804,290
1619573400,1094,793,301
1619575200,1055,780,275
1619577000,1056,788,268
1619578800,1053,784,269
1619580600,1035,769,267
1619582400,1002,743,260
1619584200,991,733,259
1619586000,975,708,267
1619587800,939,705,234
1619589600,951,711,240
1619591400,956,701,255
1619593200,961,704,258
1619595000,923,691,232
1619596800,911,679,231
1619598600,925,674,251
1619600400,894,659,235
1619602200,891,655,236
1619604000,891,658,234
1619605800,883,651,232
1619607600,873,647,226
1619609400,900,657,244
1619611200,896,663,234
1619613000,941,693,248
1619614800,960,686,274
1619616600,1009,723,286
1619618400,1036,729,308
1619620200,1158,798,360
1619622000,1193,833,360
1619623800,1239,851,388
1619625600,1236,846,389
1619627400,1271,872,400
1619629200,1281,854,427
1619631000,1308,891,417
1619632800,1261,894,367
1619634600,1252,885,367
1619636400,1186,854,331
1619638200,1228,855,373
1619640000,1232,892,340
1619641800,1278,903,375
1619643600,1318,900,418
1619645400,1406,992,414
1619647200,1314,912,402
1619649000,1250,884,366
1619650800,1244,868,375
1619652600,1225,880,345
1619654400,1184,838,345
1619656200,1151,826,325
1619658000,1127,806,321
1619659800,1118,797,321
1619661600,1105,780,325
1619663400,1048,774,274
1619665200,1027,762,265
1619667000,987,747,240
1619668800,973,738,235
1619670600,997,737,260
1619672400,977,730,247
1619674200,963,722,241
1619676000,957,723,234
1619677800,928,708,219
1619679600,921,708,213
1619681400,901,703,198
1619683200,913,701,212
1619685000,899,694,204
1619686800,918,693,225
1619688600,919,691,228
1619690400,885,688,197
1619692200,896,694,202
1619694000,909,702,208
1619695800,887,682,205
1619697600,895,685,210
1619699400,918,689,229
1619701200,939,704,236
1619703000,1006,739,267
1619704800,1060,772,287
1619706600,1174,811,363
1619708400,1278,864,415
1619710200,1275,866,409
1619712000,1293,898,396
1619713800,1317,897,421
1619715600,1286,910,376
1619717400,1359,927,432
1619719200,1310,911,399
1619721000,1231,881,350
1619722800,1185,859,326
1619724600,1210,862,348
1619726400,1193,860,333
1619728200,1336,922,415
1619730000,1371,957,414
1619731800,1322,958,364
1619733600,1295,929,366
1619735400,1297,916,380
1619737200,1249,907,341
1619739000,1184,869,315
1619740800,1169,853,316
1619742600,1127,835,292
1619744400,1098,820,278
1619746200,1061,798,263
1619748000,1023,772,250
1619749800,999,762,237
1619751600,1007,748,259
1619753400,968,736,232
1619755200,969,735,234
1619757000,947,729,218
1619758800,959,728,231
1619760600,956,717,239
1619762400,947,713,233
1619764200,940,715,225
1619766000,935,709,226
1619767800,936,710,226
1619769600,926,703,223
1619771400,923,709,214
1619773200,923,706,217
1619775000,932,709,223
1619776800,920,699,221
1619778600,910,705,205
1619780400,910,710,200
1619782200,919,710,210
1619784000,929,708,221
1619785800,967,719,248
1619787600,1000,747,253
1619789400,1047,773,274
1619791200,1035,767,268
1619793000,1214,856,358
1619794800,1230,876,354
1619796600,1292,906,386
1619798400,1280,901,379
1619800200,1337,910,426
1619802000,1320,905,414
1619803800,1345,914,431
1619805600,1291,917,373
1619807400,1281,911,369
1619809200,1217,864,353
1619811000,1253,880,372
1619812800,1264,888,376
1619814600,1282,901,381
1619816400,1304,911,393
1619818200,1300,949,352
1619820000,1346,962,384
1619821800,1331,935,396
1619823600,1237,895,341
1619825400,1207,887,319
1619827200,1182,883,299
1619829000,1184,855,329
1619830800,1148,831,316
1619832600,1112,820,293
1619834400,1042,786,256
1619836200,1038,796,241
1619838000,1019,778,241
1619839800,1002,769,233
1619841600,986,766,220
1619843400,1002,754,248
1619845200,979,743,237
1619847000,965,731,234
1619848800,942,707,235
1619850600,950,701,248
1619852400,909,690,219
1619854200,926,688,238
1619856000,909,679,230
1619857800,890,674,216
1619859600,880,674,206
1619861400,904,683,221
1619863200,918,672,246
1619865000,914,680,234
1619866800,912,676,236
1619868600,927,674,253
1619870400,915,676,239
1619872200,902,675,226
1619874000,901,675,226
1619875800,888,681,207
1619877600,888,673,215
1619879400,937,678,259
1619881200,907,682,225
1619883000,914,685,229
1619884800,903,681,222
1619886600,902,679,222
1619888400,916,685,230
1619890200,942,693,249
1619892000,938,690,248
1619893800,915,689,227
1619895600,891,676,215
1619897400,898,676,222
1619899200,915,685,231
1619901000,904,682,222
1619902800,907,682,225
1619904600,912,676,236
1619906400,901,674,228
1619908200,912,679,234
1619910000,890,670,220
1619911800,867,670,197
1619913600,883,666,217
1619915400,876,674,202
1619917200,869,666,203
1619919000,874,677,197
1619920800,880,670,210
1619922600,882,668,213
1619924400,885,669,216
1619926200,872,672,199
1619928000,864,669,195
1619929800,873,660,213
1619931600,881,668,213
1619933400,874,664,209
1619935200,852,662,191
1619937000,864,660,205
1619938800,883,669,214
1619940600,860,655,206
1619942400,874,666,208
1619944200,842,653,190
1619946000,873,654,219
1619947800,857,658,199
1619949600,855,656,199
1619951400,865,655,210
1619953200,856,658,198
1619955000,865,663,202
1619956800,855,657,198
1619958600,859,657,202
1619960400,870,658,212
1619962200,853,654,200
1619964000,847,656,190
1619965800,862,658,203
1619967600,865,668,197
1619969400,870,668,202
1619971200,870,662,208
1619973000,876,672,203
1619974800,893,681,212
1619976600,913,684,229
1619978400,904,672,232
1619980200,911,679,232
1619982000,907,669,237
1619983800,904,674,230
1619985600,902,677,224
1619987400,894,668,226
1619989200,895,670,225
1619991000,895,667,229
1619992800,912,674,238
1619994600,921,676,245
1619996400,923,687,236
1619998200,915,683,232
1620000000,922,688,233
1620001800,911,683,228
1620003600,899,679,220
1620005400,918,682,237
1620007200,898,675,224
1620009000,888,670,218
1620010800,915,678,237
1620012600,922,677,245
1620014400,946,687,259
1620016200,927,682,245
1620018000,908,679,229
1620019800,899,675,224
1620021600,908,673,236
1620023400,891,670,221
1620025200,884,671,212
1620027000,895,676,218
1620028800,894,674,220
1620030600,893,670,224
1620032400,872,661,211
1620034200,893,665,228
1620036000,893,664,229
1620037800,874,661,213
1620039600,879,665,214
1620041400,893,671,222
1620043200,907,686,222
1620045000,941,689,252
1620046800,955,684,271
1620048600,1006,733,272
1620050400,1088,773,315
1620052200,1208,826,382
1620054000,1267,874,393
1620055800,1279,889,390
1620057600,1314,900,414
1620059400,1321,923,399
1620061200,1361,920,441
1620063000,1361,946,414
1620064800,1346,955,391
1620066600,1253,910,343
1620068400,1266,922,344
1620070200,1324,941,383
1620072000,1302,930,371
1620073800,1295,935,360
1620075600,1302,938,364
1620077400,1298,933,366
1620079200,1287,922,365
1620081000,1279,920,359
1620082800,1239,902,337
1620084600,1271,907,364
1620086400,1249,887,361
1620088200,1190,859,332
1620090000,1181,836,345
1620091800,1140,830,310
1620093600,1151,838,313
1620095400,1099,818,282
1620097200,1095,805,290
1620099000,1082,803,280
1620100800,1067,786,281
1620102600,1049,783,265
1620104400,1049,783,266
1620106200,1056,782,274
1620108000,1048,775,273
1620109800,1007,762,245
1620111600,1004,753,251
1620113400,988,743,245
1620115200,1007,749,258
1620117000,995,739,257
1620118800,974,736,238
1620120600,974,735,239
1620122400,989,736,253
1620124200,978,730,248
1620126000,972,730,243
1620127800,990,740,250
1620129600,998,746,253
1620131400,1033,757,276
1620133200,1032,771,261
1620135000,1081,786,295
1620136800,1158,826,332
1620138600,1248,885,363
1620140400,1288,904,384
1620142200,1320,935,385
1620144000,1349,946,403
1620145800,1327,931,396
1620147600,1331,944,387
1620149400,1374,977,397
1620151200,1364,977,388
1620153000,1314,934,380
1620154800,1286,928,358
1620156600,1323,948,375
1620158400,1364,951,413
1620160200,1394,979,415
1620162000,1507,1042,465
1620163800,1447,1010,437
1620165600,1413,998,415
1620167400,1353,973,380
1620169200,1321,952,369
1620171000,1263,949,314
1620172800,1254,922,331
1620174600,1223,895,327
1620176400,1209,879,330
1620178200,1189,878,311
1620180000,1167,873,294
1620181800,1123,849,274
1620183600,1119,835,285
1620185400,1153,845,308
1620187200,1144,850,295
1620189000,1088,832,256
1620190800,1069,820,249
1620192600,1081,821,261
1620194400,1063,800,264
1620196200,1037,792,245
1620198000,1042,789,253
1620199800,1062,793,269
1620201600,1055,777,277
1620203400,1070,782,288
1620205200,1040,784,256
1620207000,1023,785,238
1620208800,1029,775,254
1620210600,1053,778,276
1620212400,1051,775,275
1620214200,1024,775,249
1620216000,1051,789,262
1620217800,1077,802,275
1620219600,1072,794,278
1620221400,1116,825,291
1620223200,1190,874,315
1620225000,1309,927,382
1620226800,1313,953,360
1620228600,1365,971,394
1620230400,1380,996,383
1620232200,1430,1025,405
1620234000,1382,994,388
1620235800,1379,983,396
1620237600,1366,990,376
1620239400,1331,959,371
1620241200,1290,927,363
1620243000,1352,965,388
1620244800,1341,966,375
1620246600,1399,990,409
1620248400,1418,984,434
1620250200,1461,1010,451
1620252000,1465,1018,447
1620253800,1438,1008,431
1620255600,1356,971,385
1620257400,1308,947,361
1620259200,1308,922,386
1620261000,1331,921,410
1620262800,1262,915,347
1620264600,1229,899,330
1620266400,1225,904,322
1620268200,1179,849,330
1620270000,1161,850,310
1620271800,1129,814,315
1620273600,1103,802,301
1620275400,1061,794,267
1620277200,1061,794,267
1620279000,1084,791,293
1620280800,1046,775,272
1620282600,1044,764,280
1620284400,1025,761,264
1620286200,1021,756,266
1620288000,1027,753,274
1620289800,1010,750,260
1620291600,1007,750,257
1620293400,1023,745,277
1620295200,1011,749,262
1620297000,1011,745,266
1620298800,996,752,244
1620300600,1007,756,251
1620302400,1026,760,266
1620304200,1058,770,288
1620306000,1079,775,305
1620307800,1114,808,306
1620309600,1130,825,305
1620311400,1294,873,420
1620313200,1328,905,423
1620315000,1328,900,429
1620316800,1304,933,371
1620318600,1361,942,419
1620320400,1406,947,459
1620322200,1379,956,423
1620324000,1354,954,399
1620325800,1324,936,388
1620327600,1246,908,339
1620329400,1247,896,351
1620331200,1303,923,380
1620333000,1332,944,387
1620334800,1387,962,425
1620336600,1329,929,401
1620338400,1351,931,420
1620340200,1353,947,406
1620342000,1310,931,379
1620343800,1279,904,375
1620345600,1246,875,372
1620347400,1193,847,346
1620349200,1172,854,319
1620351000,1138,838,300
1620352800,1124,828,296
1620354600,1125,827,299
1620356400,1103,817,285
1620358200,1114,821,292
1620360000,1075,799,276
1620361800,1053,793,260
1620363600,1039,786,253
1620365400,1050,776,274
1620367200,1045,773,271
1620369000,1042,770,272
1620370800,1052,765,286
1620372600,1019,754,265
1620374400,997,744,253
1620376200,1019,760,260
1620378000,1020,751,268
1620379800,1000,750,250
1620381600,987,749,239
1620383400,996,742,254
1620385200,1007,744,264
1620387000,1028,763,265
1620388800,1015,765,251
1620390600,1019,765,254
1620392400,1062,775,286
1620394200,1114,803,312
1620396000,1147,808,339
1620397800,1241,856,384
1620399600,1282,897,386
1620401400,1344,931,412
1620403200,1375,937,438
1620405000,1377,937,439
1620406800,1385,951,434
1620408600,1400,931,469
1620410400,1377,951,426
1620412200,1390,938,453
1620414000,1363,912,451
1620415800,1362,913,450
1620417600,1357,922,435
1620419400,1393,932,461
1620421200,1389,962,428
1620423000,1379,956,424
1620424800,1346,938,408
1620426600,1368,949,420
1620428400,1326,934,392
1620430200,1292,902,391
1620432000,1271,887,383
1620433800,1218,860,358
1620435600,1219,856,363
1620437400,1143,813,330
1620439200,1126,802,324
1620441000,1129,812,317
1620442800,1121,805,316
1620444600,1109,819,291
1620446400,1126,830,296
1620448200,1085,754,331
1620450000,1071,749,322
1620451800,1059,741,317
1620453600,1045,738,308
1620455400,1034,737,297
1620457200,1036,736,300
1620459000,1055,736,319
1620460800,1036,728,308
1620462600,1035,740,295
1620464400,1042,736,306
1620466200,1030,733,297
1620468000,1042,741,301
1620469800,1034,740,293
1620471600,1018,734,284
1620473400,1025,733,292
1620475200,1023,727,296
1620477000,1013,732,281
1620478800,1013,731,282
1620480600,1012,734,279
1620482400,998,734,264
1620484200,1014,738,276
1620486000,1040,755,285
1620487800,1027,735,292
1620489600,1029,735,294
1620491400,1030,743,287
1620493200,1033,744,288
1620495000,1062,752,311
1620496800,1057,754,303
1620498600,1040,749,291
1620500400,1055,746,309
1620502200,1053,740,313
1620504000,1072,773,299
1620505800,1051,746,305
1620507600,1080,746,335
1620509400,1071,744,327
1620511200,1041,741,300
1620513000,1043,738,305
1620514800,1059,739,320
1620516600,1044,762,283
1620518400,1051,732,319
1620520200,1039,738,301
1620522000,993,704,290
1620523800,1001,700,301
1620525600,982,705,277
1620527400,951,694,257
1620529200,969,683,286
1620531000,982,698,283
1620532800,980,686,294
1620534600,993,706,288
1620536400,974,689,284
1620538200,953,686,267
1620540000,985,699,285
1620541800,1013,683,331
1620543600,1018,694,324
1620545400,933,690,243
1620547200,964,703,260
1620549000,949,686,263
1620550800,956,682,274
1620552600,957,695,262
1620554400,967,703,264
1620556200,977,699,278
1620558000,959,685,274
1620559800,965,683,281
1620561600,1047,754,293
1620563400,1033,760,273
1620565200,967,692,275
1620567000,974,696,277
1620568800,976,714,262
1620570600,986,706,281
1620572400,995,712,283
1620574200,972,684,288
1620576000,935,672,263
1620577800,993,744,249
1620579600,1014,708,305
1620581400,1015,709,306
1620583200,992,698,294
1620585000,992,707,285
1620586800,979,692,286
1620588600,977,707,270
1620590400,1090,765,325
1620592200,1075,735,341
1620594000,1024,713,311
1620595800,1030,717,312
1620597600,1026,706,320
1620599400,1018,700,318
1620601200,1000,708,292
1620603000,1013,701,313
1620604800,1034,723,311
1620606600,1040,721,319
1620608400,1033,736,297
1620610200,1055,771,285
1620612000,985,710,275
1620613800,977,694,283
1620615600,989,696,293
1620617400,1004,717,287
1620619200,966,700,266
1620621000,962,699,263
1620622800,978,691,286
1620624600,1009,708,301
1620626400,926,679,247
1620628200,938,691,247
1620630000,977,724,253
1620631800,937,694,244
1620633600,934,669,265
1620635400,1001,709,292
1620637200,953,670,283
1620639000,1093,864,230
1620640800,965,699,266
1620642600,965,688,277
1620644400,945,663,282
1620646200,955,682,273
1620648000,950,680,270
1620649800,976,685,291
1620651600,1039,742,298
1620653400,1037,717,320
1620655200,1091,739,352
1620657000,1400,987,413
1620658800,1277,845,431
1620660600,1253,860,393
1620662400,1293,865,429
1620664200,1364,913,451
1620666000,1332,876,457
1620667800,1276,852,424
1620669600,1324,862,462
1620671400,1346,859,487
1620673200,1248,840,408
1620675000,1284,861,424
1620676800,1327,875,451
1620678600,1392,895,497
1620680400,1389,926,463
1620682200,1378,906,472
1620684000,1382,884,498
1620685800,1367,895,471
1620687600,1410,897,513
1620689400,1393,886,507
1620691200,1325,859,466
1620693000,1286,830,457
1620694800,1316,822,494
1620696600,1303,821,482
1620698400,1242,821,421
1620700200,1175,794,380
1620702000,1166,785,381
1620703800,1116,783,334
1620705600,1158,872,286
1620707400,1115,771,345
1620709200,1098,748,349
1620711000,1094,748,346
1620712800,1041,731,310
1620714600,1031,725,306
1620716400,1042,725,318
1620718200,1033,731,302
1620720000,1009,716,292
1620721800,1016,715,301
1620723600,1064,714,350
1620725400,1039,708,331
1620727200,1040,726,313
1620729000,1007,728,280
1620730800,1019,718,301
1620732600,992,716,277
1620734400,1022,713,309
1620736200,1025,724,301
1620738000,1066,750,316
1620739800,1120,777,343
1620741600,1193,811,382
1620743400,1301,865,436
1620745200,1344,875,469
1620747000,1363,908,455
1620748800,1424,931,493
1620750600,1430,951,480
1620752400,1450,970,480
1620754200,1452,960,492
1620756000,1357,950,406
1620757800,1438,924,514
1620759600,1433,914,518
1620761400,1378,905,473
1620763200,1403,912,491
1620765000,1458,930,528
1620766800,1489,922,567
1620768600,1485,936,548
1620770400,1400,932,468
1620772200,1435,958,477
1620774000,1323,922,401
1620775800,1312,899,413
1620777600,1289,874,416
1620779400,1233,851,382
1620781200,1236,843,393
1620783000,1204,839,365
1620784800,1151,814,337
1620786600,1108,801,307
1620788400,1150,816,333
1620790200,1129,798,331
1620792000,1102,783,319
1620793800,1079,764,316
1620795600,1067,746,320
1620797400,1065,745,320
1620799200,1055,750,304
1620801000,1036,751,285
1620802800,1026,738,288
1620804600,1028,740,287
1620806400,1035,726,309
1620808200,1009,725,284
1620810000,1026,726,300
1620811800,1019,718,301
1620813600,1024,723,302
1620815400,1006,715,291
1620817200,1014,720,294
1620819000,1026,719,307
1620820800,1042,729,314
1620822600,1089,745,343
1620824400,1154,775,378
1620826200,1165,787,379
1620828000,1215,813,402
1620829800,1361,880,481
1620831600,1413,910,503
1620833400,1424,943,481
1620835200,1440,956,485
1620837000,1440,970,471
1620838800,1480,967,513
1620840600,1505,980,525
1620842400,1522,1008,514
1620844200,1502,997,505
1620846000,1440,963,477
1620847800,1437,953,485
1620849600,1489,955,534
1620851400,1455,972,484
1620853200,1479,967,512
1620855000,1429,952,477
1620856800,1431,940,491
1620858600,1422,949,473
1620860400,1350,931,419
1620862200,1349,958,391
1620864000,1204,865,339
1620865800,1187,853,334
1620867600,1167,843,323
1620869400,1131,825,305
1620871200,1089,806,283
1620873000,1081,799,283
1620874800,1082,796,286
1620876600,1085,803,282
1620878400,1071,791,279
1620880200,1058,791,268
1620882000,1047,785,263
1620883800,1036,787,249
1620885600,1016,772,244
1620887400,1022,774,247
1620889200,1006,764,242
1620891000,1008,761,247
1620892800,994,753,241
1620894600,1003,755,248
1620896400,996,753,242
1620898200,987,754,232
1620900000,995,747,248
1620901800,1003,747,256
1620903600,998,751,247
1620905400,991,754,237
1620907200,989,757,232
1620909000,1010,758,251
1620910800,1033,770,263
1620912600,1071,787,285
1620914400,1115,810,305
1620916200,1158,841,318
1620918000,1237,859,378
1620919800,1298,900,398
1620921600,1293,918,375
1620923400,1353,932,421
1620925200,1425,973,451
1620927000,1405,942,463
1620928800,1373,935,438
1620930600,1293,912,381
1620932400,1271,900,371
1620934200,1254,881,373
1620936000,1302,912,390
1620937800,1346,936,410
1620939600,1390,953,437
1620941400,1317,929,387
1620943200,1312,941,370
1620945000,1302,934,368
1620946800,1251,898,354
1620948600,1226,881,346
1620950400,1250,873,377
1620952200,1195,848,347
1620954000,1186,841,345
1620955800,1135,833,302
1620957600,1071,796,274
1620959400,1034,766,269
1620961200,1017,746,271
1620963000,982,742,240
1620964800,988,739,250
1620966600,988,730,258
1620968400,1014,731,283
1620970200,961,715,246
1620972000,973,714,259
1620973800,946,710,236
1620975600,926,705,221
1620977400,905,692,213
1620979200,910,686,224
1620981000,925,692,233
1620982800,912,694,219
1620984600,936,682,254
1620986400,936,686,251
1620988200,927,701,226
1620990000,902,689,213
1620991800,904,690,215
1620993600,924,689,235
1620995400,945,702,243
1620997200,970,713,257
1620999000,998,730,269
1621000800,1018,735,283
1621002600,1179,802,377
1621004400,1214,845,369
1621006200,1214,851,363
1621008000,1198,838,360
1621009800,1224,853,372
1621011600,1286,885,401
1621013400,1302,880,422
1621015200,1284,861,423
1621017000,1220,868,352
1621018800,1216,859,357
1621020600,1241,878,363
1621022400,1214,849,365
1621024200,1221,864,357
1621026000,1288,892,396
1621027800,1273,870,403
1621029600,1270,881,389
1621031400,1214,870,345
1621033200,1209,855,354
1621035000,1150,834,316
1621036800,1088,791,296
1621038600,1083,798,285
1621040400,1048,781,267
1621042200,1053,768,285
1621044000,1034,756,278
1621045800,983,730,253
1621047600,965,722,243
1621049400,954,727,227
1621051200,980,729,250
1621053000,971,715,256
1621054800,946,707,239
1621056600,934,705,229
1621058400,917,689,228
1621060200,908,686,222
1621062000,889,680,209
1621063800,870,675,195
1621065600,876,674,201
1621067400,887,672,215
1621069200,909,672,237
1621071000,901,676,225
1621072800,874,671,203
1621074600,865,671,194
1621076400,877,673,203
1621078200,899,677,222
1621080000,888,668,220
1621081800,893,668,224
1621083600,900,672,227
1621085400,892,670,222
1621087200,903,675,228
1621089000,865,666,199
1621090800,862,630,232
1621092600,832,627,204
1621094400,807,613,194
1621096200,822,616,206
1621098000,796,593,202
1621099800,790,596,194
1621101600,841,596,244
1621103400,869,607,261
1621105200,795,586,209
1621107000,721,541,180
1621108800,705,521,184
1621110600,601,466,135
1621112400,531,406,126
1621114200,500,402,98
1621116000,503,412,91
1621117800,499,413,86
1621119600,527,418,109
1621121400,504,411,92
1621123200,491,405,86
1621125000,492,400,92
1621126800,483,400,84
1621128600,470,397,73
1621130400,471,395,76
1621132200,471,397,74
1621134000,483,398,85
1621135800,491,403,88
1621137600,494,400,93
1621139400,489,405,84
1621141200,485,402,83
1621143000,475,398,78
1621144800,477,398,78
1621146600,473,395,77
1621148400,469,392,77
1621150200,461,389,72
1621152000,481,398,83
1621153800,467,394,72
1621155600,477,395,82
1621157400,475,393,82
1621159200,476,394,83
1621161000,464,394,70
1621162800,468,391,78
1621164600,455,390,64
1621166400,461,393,68
1621168200,475,390,85
1621170000,463,385,78
1621171800,450,382,68
1621173600,449,381,69
1621175400,464,380,84
1621177200,470,384,86
1621179000,453,380,73
1621180800,467,389,78
1621182600,462,387,76
1621184400,477,389,88
1621186200,478,390,88
1621188000,480,393,87
1621189800,478,393,85
1621191600,481,396,85
1621193400,473,389,84
1621195200,484,390,94
1621197000,479,392,87
1621198800,475,395,80
1621200600,466,388,78
1621202400,476,387,89
1621204200,471,395,76
1621206000,469,391,79
1621207800,478,400,78
1621209600,498,402,95
1621211400,476,398,78
1621213200,492,404,89
1621215000,490,402,87
1621216800,479,404,75
1621218600,484,407,77
1621220400,497,417,79
1621222200,490,399,90
1621224000,498,406,92
1621225800,475,401,74
1621227600,487,406,81
1621229400,483,396,87
1621231200,497,405,92
1621233000,479,395,84
1621234800,482,404,78
1621236600,491,405,86
1621238400,487,403,84
1621240200,468,393,75
1621242000,476,392,84
1621243800,481,398,83
1621245600,486,397,89
1621247400,469,393,76
1621249200,465,396,69
1621251000,462,396,66
1621252800,499,400,99
1621254600,516,409,108
1621256400,546,423,123
1621258200,581,456,125
1621260000,691,510,181
1621261800,915,579,336
1621263600,925,610,315
1621265400,989,675,314
1621267200,1034,672,361
1621269000,1005,680,326
1621270800,1118,720,398
1621272600,1137,746,391
1621274400,1092,731,361
1621276200,1069,744,326
1621278000,1038,726,312
1621279800,1099,766,333
1621281600,1091,760,331
1621283400,1088,767,321
1621285200,1078,761,317
1621287000,1075,764,311
1621288800,1097,784,313
1621290600,1113,791,323
1621292400,1058,782,276
1621294200,1022,750,272
1621296000,1037,738,299
1621297800,995,729,266
1621299600,1005,727,278
1621301400,944,711,233
1621303200,930,691,239
1621305000,933,692,241
1621306800,903,681,222
1621308600,874,674,199
1621310400,887,667,220
1621312200,873,641,232
1621314000,865,637,228
1621315800,845,627,218
1621317600,819,617,203
1621319400,825,606,218
1621321200,799,607,192
1621323000,786,596,190
1621324800,789,605,184
1621326600,786,601,185
1621328400,804,600,203
1621330200,803,603,200
1621332000,794,596,198
1621333800,794,594,200
1621335600,787,594,192
1621337400,784,598,186
1621339200,795,604,191
1621341000,850,640,210
1621342800,862,632,229
1621344600,908,649,259
1621346400,972,678,294
1621348200,1099,718,382
1621350000,1148,784,364
1621351800,1168,799,369
1621353600,1196,814,382
1621355400,1170,825,345
1621357200,1197,837,360
1621359000,1224,852,372
1621360800,1238,858,380
1621362600,1156,802,354
1621364400,1096,775,320
1621366200,1048,765,282
1621368000,1144,811,334
1621369800,1184,817,367
1621371600,1187,839,349
1621373400,1180,823,358
1621375200,1187,822,365
1621377000,1205,830,374
1621378800,1107,779,329
1621380600,1103,781,322
1621382400,1088,758,330
1621384200,1036,743,293
1621386000,998,718,280
1621387800,975,697,278
1621389600,991,690,300
1621391400,947,689,258
1621393200,939,678,260
1621395000,905,667,238
1621396800,933,673,260
1621398600,927,669,258
1621400400,891,648,243
1621402200,920,658,262
1621404000,914,659,255
1621405800,915,669,246
1621407600,898,663,235
1621409400,877,652,225
1621411200,874,647,227
1621413000,859,641,219
1621414800,875,639,236
1621416600,855,636,219
1621418400,881,643,238
1621420200,856,641,214
1621422000,846,636,210
1621423800,840,635,204
1621425600,875,650,225
1621427400,878,655,223
1621429200,925,674,251
1621431000,964,692,272
1621432800,987,706,281
1621434600,1049,743,307
1621436400,1105,767,338
1621438200,1138,780,357
1621440000,1180,802,378
1621441800,1133,791,343
1621443600,1160,795,365
1621445400,1157,802,356
1621447200,1170,791,379
1621449000,1127,767,359
1621450800,1159,795,364
1621452600,1191,819,372
1621454400,1188,807,381
1621456200,1169,814,355
1621458000,1214,808,406
1621459800,1261,813,448
1621461600,1235,812,423
1621463400,1182,805,377
1621465200,1169,795,375
1621467000,1094,755,338
1621468800,1077,736,341
1621470600,1030,717,313
1621472400,1036,704,332
1621474200,1005,693,312
1621476000,991,681,310
1621477800,965,676,289
1621479600,952,671,281
1621481400,939,680,259
1621483200,921,665,256
1621485000,916,665,251
1621486800,912,654,258
1621488600,924,653,271
1621490400,871,636,235
1621492200,880,636,244
1621494000,893,635,258
1621495800,868,628,239
1621497600,868,629,239
1621499400,854,626,228
1621501200,865,627,238
1621503000,858,629,229
1621504800,850,619,231
1621506600,887,626,261
1621508400,885,625,260
1621510200,877,631,245
1621512000,869,630,239
1621513800,876,627,249
1621515600,897,649,248
1621517400,960,670,290
1621519200,1016,700,316
1621521000,1097,732,366
1621522800,1135,778,358
1621524600,1167,809,359
1621526400,1212,830,382
1621528200,1241,853,388
1621530000,1288,858,430
1621531800,1258,843,415
1621533600,1236,841,395
1621535400,1199,823,375
1621537200,1145,786,359
1621539000,1138,797,341
1621540800,1134,794,340
1621542600,1202,801,401
1621544400,1288,881,407
1621546200,1213,855,358
1621548000,1273,858,415
1621549800,1207,841,367
1621551600,1165,809,356
1621553400,1101,780,321
1621555200,1080,754,326
1621557000,1074,720,354
1621558800,1048,713,334
1621560600,1006,712,294
1621562400,964,704,260
1621564200,916,686,229
1621566000,932,686,246
1621567800,916,683,233
1621569600,972,725,247
1621571400,878,665,214
1621573200,885,664,221
1621575000,883,650,233
1621576800,845,637,209
1621578600,840,635,205
1621580400,842,634,208
1621582200,845,633,212
1621584000,818,623,195
1621585800,832,631,201
1621587600,856,631,225
1621589400,834,631,203
1621591200,837,629,208
1621593000,843,637,206
1621594800,840,633,208
1621596600,849,638,211
1621598400,867,640,226
1621600200,869,652,217
1621602000,885,648,237
1621603800,967,673,294
1621605600,986,693,293
1621607400,1067,745,322
1621609200,1134,784,350
1621611000,1173,803,370
1621612800,1174,815,359
1621614600,1179,833,346
1621616400,1259,861,398
1621618200,1305,885,420
1621620000,1266,865,401
1621621800,1220,849,371
1621623600,1197,842,355
1621625400,1251,889,361
1621627200,1210,874,336
1621629000,1236,867,369
1621630800,1240,876,365
1621632600,1328,915,413
1621634400,1288,906,382
1621636200,1222,900,322
1621638000,1241,887,354
1621639800,1219,862,358
1621641600,1155,839,316
1621643400,1091,782,309
1621645200,1100,795,304
1621647000,1037,792,244
1621648800,999,776,223
1621650600,1001,765,236
1621652400,1013,753,260
1621654200,989,741,248
1621656000,1029,756,273
1621657800,981,717,264
1621659600,958,706,252
1621661400,875,642,233
1621663200,843,628,216
1621665000,831,615,216
1621666800,839,623,216
1621668600,817,621,195
1621670400,815,615,200
1621672200,813,614,199
1621674000,831,621,210
1621675800,848,619,229
1621677600,829,625,204
1621679400,814,616,198
1621681200,808,616,192
1621683000,816,612,203
1621684800,808,614,194
1621686600,789,602,187
1621688400,800,598,201
1621690200,808,612,196
1621692000,792,605,188
1621693800,800,606,194
1621695600,801,609,191
1621697400,799,608,191
1621699200,789,604,185
1621701000,799,605,194
1621702800,794,595,199
1621704600,793,599,194
1621706400,780,593,187
1621708200,760,584,176
1621710000,772,592,181
1621711800,768,591,177
1621713600,783,596,187
1621715400,805,607,198
1621717200,810,605,205
1621719000,794,609,185
1621720800,799,609,190
1621722600,816,610,205
1621724400,830,612,218
1621726200,780,607,173
1621728000,802,608,194
1621729800,820,612,208
1621731600,841,613,228
1621733400,806,596,210
1621735200,784,593,190
1621737000,793,600,193
1621738800,822,612,210
1621740600,788,603,185
1621742400,798,607,191
1621744200,783,603,181
1621746000,765,591,174
1621747800,766,590,176
1621749600,765,591,174
1621751400,758,589,169
1621753200,804,588,216
1621755000,778,581,197
1621756800,774,593,181
1621758600,792,619,174
1621760400,818,607,211
1621762200,808,598,209
1621764000,785,587,198
1621765800,764,585,179
1621767600,755,582,173
1621769400,760,590,170
1621771200,760,586,174
1621773000,792,584,208
1621774800,786,591,195
1621776600,771,588,183
1621778400,776,591,185
1621780200,750,579,171
1621782000,752,580,172
1621783800,779,583,196
1621785600,779,576,203
1621787400,774,576,198
1621789200,756,577,179
1621791000,776,584,193
1621792800,776,580,197
1621794600,769,583,187
1621796400,776,584,192
1621798200,769,583,186
1621800000,774,585,189
1621801800,745,580,165
1621803600,758,582,176
1621805400,757,579,178
1621807200,768,581,187
1621809000,776,589,188
1621810800,773,592,180
1621812600,775,597,178
1621814400,767,590,176
1621816200,745,585,161
1621818000,746,584,161
1621819800,742,585,156
1621821600,747,575,172
1621823400,746,578,168
1621825200,759,589,169
1621827000,772,593,179
1621828800,756,592,165
1621830600,757,587,171
1621832400,753,573,180
1621834200,749,582,167
1621836000,723,566,157
1621837800,740,565,175
1621839600,732,567,165
1621841400,742,584,158
1621843200,715,568,147
1621845000,713,563,150
1621846800,718,558,161
1621848600,731,560,171
1621850400,728,566,162
1621852200,726,570,156
1621854000,740,566,174
1621855800,735,562,173
1621857600,745,573,172
1621859400,756,574,182
1621861200,783,587,196
1621863000,852,633,219
1621864800,881,650,231
1621866600,1013,697,316
1621868400,1154,750,403
1621870200,1153,789,364
1621872000,1183,808,375
1621873800,1222,828,394
1621875600,1221,825,396
1621877400,1243,871,373
1621879200,1242,854,388
1621881000,1210,826,383
1621882800,1163,783,380
1621884600,1146,809,337
1621886400,1183,833,350
1621888200,1240,881,360
1621890000,1274,886,388
1621891800,1308,881,427
1621893600,1258,847,411
1621895400,1198,838,360
1621897200,1200,851,349
1621899000,1108,805,303
1621900800,1093,805,288
1621902600,1083,779,304
1621904400,1042,764,278
1621906200,1037,756,281
1621908000,995,729,266
1621909800,960,705,255
1621911600,967,706,261
1621913400,947,683,263
1621915200,901,681,220
1621917000,904,677,227
1621918800,910,665,245
1621920600,911,670,241
1621922400,892,654,238
1621924200,874,656,218
1621926000,874,665,209
1621927800,846,640,207
1621929600,846,638,208
1621931400,845,633,213
1621933200,858,663,195
1621935000,824,631,193
1621936800,814,634,180
1621938600,846,648,199
1621940400,852,641,211
1621942200,861,654,207
1621944000,870,660,209
1621945800,896,681,214
1621947600,935,686,249
1621949400,956,707,249
1621951200,1018,733,285
1621953000,1117,779,338
1621954800,1158,817,341
1621956600,1250,850,400
1621958400,1228,860,367
1621960200,1217,849,368
1621962000,1263,874,390
1621963800,1270,881,389
1621965600,1243,864,379
1621967400,1206,850,356
1621969200,1133,826,307
1621971000,1162,837,324
1621972800,1177,851,326
1621974600,1230,870,361
1621976400,1262,874,389
1621978200,1234,874,360
1621980000,1244,871,372
1621981800,1244,862,381
1621983600,1195,851,345
1621985400,1146,825,321
1621987200,1096,797,300
1621989000,1070,779,290
1621990800,1084,780,304
1621992600,1047,752,295
1621994400,995,721,274
1621996200,983,724,260
1621998000,949,710,239
1621999800,965,708,257
1622001600,940,711,229
1622003400,916,690,226
1622005200,978,744,234
1622007000,887,680,207
1622008800,908,670,238
1622010600,896,659,237
1622012400,853,645,208
1622014200,845,645,200
1622016000,862,642,220
1622017800,862,635,227
1622019600,883,636,247
1622021400,889,629,260
1622023200,836,627,209
1622025000,816,621,195
1622026800,869,632,236
1622028600,858,624,235
1622030400,866,640,225
1622032200,869,652,217
1622034000,897,668,229
1622035800,964,686,278
1622037600,1018,720,298
1622039400,1170,776,393
1622041200,1197,818,379
1622043000,1206,844,362
1622044800,1228,864,363
1622046600,1207,857,350
1622048400,1301,860,441
1622050200,1262,864,397
1622052000,1200,848,351
1622053800,1169,819,350
1622055600,1136,818,318
1622057400,1190,840,350
1622059200,1256,877,379
1622061000,1285,893,392
1622062800,1294,905,390
1622064600,1308,899,409
1622066400,1304,861,443
1622068200,1239,862,377
1622070000,1231,857,374
1622071800,1134,824,310
1622073600,1125,796,329
1622075400,1093,779,314
1622077200,1064,767,296
1622079000,1055,754,301
1622080800,1040,759,281
1622082600,994,749,245
1622084400,989,713,275
1622086200,968,724,245
1622088000,952,696,256
1622089800,950,703,247
1622091600,938,705,232
1622093400,902,698,203
1622095200,888,689,200
1622097000,899,698,201
1622098800,887,677,209
1622100600,889,687,202
1622102400,895,674,221
1622104200,892,659,233
1622106000,880,655,225
1622107800,860,654,206
1622109600,880,659,221
1622111400,875,659,216
1622113200,856,645,211
1622115000,872,657,215
1622116800,874,660,214
1622118600,892,675,217
1622120400,894,684,210
1622122200,963,706,257
1622124000,990,725,265
1622125800,1147,779,368
1622127600,1257,845,412
1622129400,1257,856,401
1622131200,1294,879,415
1622133000,1287,881,407
1622134800,1288,909,379
1622136600,1305,892,413
1622138400,1263,875,388
1622140200,1276,873,403
1622142000,1200,835,365
1622143800,1213,851,362
1622145600,1246,851,396
1622147400,1182,817,364
1622149200,1234,835,399
1622151000,1235,833,402
1622152800,1184,838,346
1622154600,1133,813,320
1622156400,1123,782,341
1622158200,1058,760,299
1622160000,1036,754,282
1622161800,1025,752,273
1622163600,1029,741,288
1622165400,996,725,270
1622167200,947,696,251
1622169000,935,688,247
1622170800,922,673,250
1622172600,952,680,272
1622174400,900,665,236
1622176200,914,664,250
1622178000,929,675,254
1622179800,896,653,244
1622181600,905,667,238
1622183400,873,652,221
1622185200,867,646,221
1622187000,848,649,199
1622188800,838,643,195
1622190600,854,646,207
1622192400,854,640,214
1622194200,848,631,217
1622196000,824,627,197
1622197800,820,626,194
1622199600,825,630,195
1622201400,836,634,201
1622203200,850,637,213
1622205000,875,665,210
1622206800,901,676,224
1622208600,906,670,235
1622210400,982,706,276
1622212200,1137,783,354
1622214000,1151,780,371
1622215800,1183,797,386
1622217600,1258,808,451
1622219400,1234,836,398
1622221200,1258,836,422
1622223000,1235,861,375
1622224800,1192,848,344
1622226600,1174,828,346
1622228400,1204,806,398
1622230200,1190,823,366
1622232000,1139,814,325
1622233800,1188,827,361
1622235600,1187,832,355
1622237400,1146,822,324
1622239200,1220,822,397
1622241000,1175,809,366
1622242800,1153,802,351
1622244600,1158,784,374
1622246400,1130,779,351
1622248200,1081,767,314
1622250000,1010,736,275
1622251800,1018,715,303
1622253600,1001,708,293
1622255400,961,701,260
1622257200,964,690,274
1622259000,948,693,255
1622260800,940,688,251
1622262600,928,679,249
1622264400,897,656,241
1622266200,887,647,240
1622268000,887,656,231
1622269800,883,659,224
1622271600,875,635,240
1622273400,859,631,228
1622275200,863,636,227
1622277000,868,632,236
1622278800,889,632,257
1622280600,869,630,239
1622282400,845,620,225
1622284200,845,621,224
1622286000,851,628,224
1622287800,852,634,218
1622289600,856,632,224
1622291400,874,635,240
1622293200,861,634,227
1622295000,847,631,217
1622296800,860,628,232
1622298600,856,625,231
1622300400,852,626,226
1622302200,839,628,211
1622304000,853,625,228
1622305800,838,622,217
1622307600,846,627,219
1622309400,865,622,242
1622311200,883,625,258
1622313000,841,620,221
1622314800,861,626,235
1622316600,870,629,241
1622318400,840,625,216
1622320200,858,630,229
1622322000,826,620,206
1622323800,837,624,214
1622325600,833,612,221
1622327400,833,602,231
1622329200,817,596,221
1622331000,805,602,203
1622332800,806,596,210
1622334600,820,602,217
1622336400,823,600,223
1622338200,803,597,206
1622340000,806,604,202
1622341800,824,601,222
1622343600,808,600,208
1622345400,791,594,196
1622347200,791,590,201
1622349000,794,592,202
1622350800,778,586,192
1622352600,782,580,201
1622354400,787,585,201
1622356200,768,577,190
1622358000,784,580,203
1622359800,779,583,197
1622361600,760,575,184
1622363400,772,579,193
1622365200,766,578,188
1622367000,780,583,197
1622368800,776,576,200
1622370600,776,581,195
1622372400,772,583,189
1622374200,782,579,202
1622376000,775,580,196
1622377800,775,577,198
1622379600,785,576,208
1622381400,782,581,202
1622383200,775,579,195
1622385000,776,581,194
1622386800,786,578,208
1622388600,773,581,192
1622390400,772,583,189
1622392200,781,586,194
1622394000,803,594,210
1622395800,805,591,214
1622397600,802,599,203
1622399400,806,593,214
1622401200,816,597,219
1622403000,800,596,204
1622404800,789,595,194
1622406600,808,592,215
1622408400,818,589,229
1622410200,767,579,188
1622412000,775,578,197
1622413800,782,577,205
1622415600,795,575,220
1622417400,791,575,215
1622419200,786,576,210
1622421000,764,571,193
1622422800,771,575,196
1622424600,759,572,187
1622426400,776,583,193
1622428200,796,596,201
1622430000,798,598,200
1622431800,814,601,213
1622433600,766,587,179
1622435400,758,582,176
1622437200,792,592,199
1622439000,783,579,204
1622440800,759,574,185
1622442600,770,585,185
1622444400,772,582,190
1622446200,780,577,203
1622448000,792,591,201
1622449800,768,572,196
1622451600,770,566,204
1622453400,763,567,197
1622455200,769,565,205
1622457000,779,564,215
1622458800,780,566,213
1622460600,774,571,203
1622462400,783,578,206
1622464200,803,585,218
1622466000,802,590,212
1622467800,908,625,283
1622469600,906,635,270
1622471400,1017,691,326
1622473200,1170,755,415
1622475000,1132,771,361
1622476800,1143,799,344
1622478600,1211,827,384
1622480400,1263,831,432
1622482200,1260,838,422
1622484000,1216,820,396
1622485800,1166,806,359
1622487600,1139,801,338
1622489400,1195,831,364
1622491200,1218,832,386
1622493000,1239,870,369
1622494800,1240,865,375
1622496600,1219,853,366
1622498400,1209,860,349
1622500200,1232,865,367
1622502000,1173,845,327
1622503800,1144,825,319
1622505600,1119,805,314
1622507400,1099,775,324
1622509200,1092,774,318
1622511000,1062,754,308
1622512800,1020,734,285
1622514600,970,714,256
1622516400,960,717,243
1622518200,935,703,231
1622520000,920,686,233
1622521800,936,690,246
1622523600,923,669,255
1622525400,884,651,233
1622527200,849,654,194
1622529000,879,649,231
1622530800,872,641,231
1622532600,847,633,215
1622534400,841,624,217
1622536200,837,625,212
1622538000,861,632,229
1622539800,854,633,221
1622541600,820,625,195
1622543400,821,620,201
1622545200,829,622,207
1622547000,841,629,212
1622548800,857,635,222
1622550600,832,623,209
1622552400,858,646,212
1622554200,906,657,249
1622556000,974,681,293
1622557800,1049,725,325
1622559600,1161,783,377
1622561400,1159,801,358
1622563200,1212,838,374
1622565000,1207,843,363
1622566800,1232,822,410
1622568600,1199,815,384
1622570400,1151,809,342
1622572200,1112,802,310
1622574000,1147,811,336
1622575800,1111,806,305
1622577600,1143,800,343
1622579400,1172,826,346
1622581200,1231,846,385
1622583000,1238,857,381
1622584800,1219,855,364
1622586600,1155,836,318
1622588400,1181,833,348
1622590200,1118,810,308
1622592000,1020,760,260
1622593800,1043,752,290
1622595600,1050,739,311
1622597400,1020,728,292
1622599200,981,717,264
1622601000,936,689,247
1622602800,902,658,244
1622604600,918,659,259
1622606400,896,666,230
1622608200,880,661,220
1622610000,907,651,256
1622611800,902,656,246
1622613600,867,641,226
1622615400,871,633,238
1622617200,881,638,243
1622619000,885,633,252
1622620800,883,629,255
1622622600,872,637,235
1622624400,861,637,224
1622626200,919,631,288
1622628000,912,631,280
1622629800,860,618,242
1622631600,861,623,238
1622633400,866,627,239
1622635200,884,639,245
1622637000,892,643,249
1622638800,878,648,230
1622640600,933,669,264
1622642400,975,685,289
1622644200,1110,737,373
1622646000,1221,794,427
1622647800,1193,808,385
1622649600,1174,814,361
1622651400,1199,835,364
1622653200,1191,844,348
1622655000,1208,839,370
1622656800,1222,856,366
1622658600,1159,815,344
1622660400,1110,783,328
1622662200,1151,801,350
1622664000,1182,829,353
1622665800,1223,856,367
1622667600,1265,871,395
1622669400,1313,860,453
1622671200,1224,851,373
1622673000,1213,849,364
1622674800,1207,851,356
1622676600,1222,835,387
1622678400,1146,804,342
1622680200,1112,776,336
1622682000,1104,764,340
1622683800,1060,744,317
1622685600,997,721,276
1622687400,968,711,257
1622689200,946,697,249
1622691000,966,699,266
1622692800,945,689,256
1622694600,956,684,273
1622696400,962,684,277
1622698200,939,677,262
1622700000,909,683,227
1622701800,906,672,234
1622703600,915,661,253
1622705400,901,663,238
1622707200,894,663,231
1622709000,881,651,231
1622710800,885,639,246
1622712600,901,648,253
1622714400,886,643,244
1622716200,889,651,239
1622718000,895,652,244
1622719800,889,655,235
1622721600,911,664,246
1622723400,921,666,254
1622725200,902,662,240
1622727000,955,690,264
1622728800,987,716,271
1622730600,1094,765,330
1622732400,1178,789,389
1622734200,1210,827,382
1622736000,1198,821,376
1622737800,1189,812,378
1622739600,1240,828,412
1622741400,1218,827,391
1622743200,1195,826,368
1622745000,1162,809,354
1622746800,1179,819,360
1622748600,1131,799,332
1622750400,1174,824,350
1622752200,1195,822,372
1622754000,1279,847,432
1622755800,1286,883,403
1622757600,1318,903,415
1622759400,1273,850,423
1622761200,1248,838,410
1622763000,1202,831,371
1622764800,1176,811,364
1622766600,1148,779,370
1622768400,1086,766,320
1622770200,1062,745,318
1622772000,1022,743,279
1622773800,1010,730,280
1622775600,1025,716,308
1622777400,989,720,269
1622779200,995,715,280
1622781000,971,692,280
1622782800,967,688,279
1622784600,941,689,253
1622786400,945,690,254
1622788200,928,681,247
1622790000,927,696,232
1622791800,895,662,233
1622793600,903,667,236
1622795400,906,665,241
1622797200,924,669,255
1622799000,909,658,251
1622800800,900,672,229
1622802600,893,656,238
1622804400,910,665,245
1622806200,894,651,243
1622808000,918,665,253
1622809800,927,673,254
1622811600,951,687,264
1622813400,1030,732,298
1622815200,1063,732,331
1622817000,1169,791,378
1622818800,1184,831,354
1622820600,1190,831,359
1622822400,1213,844,369
1622824200,1221,857,364
1622826000,1301,870,431
1622827800,1274,868,406
1622829600,1256,897,359
1622831400,1221,856,365
1622833200,1143,824,319
1622835000,1140,820,320
1622836800,1193,846,347
1622838600,1225,865,360
1622840400,1197,851,346
1622842200,1226,873,353
1622844000,1216,847,369
1622845800,1203,847,356
1622847600,1188,842,346
1622849400,1140,818,322
1622851200,1103,785,319
1622853000,1051,773,279
1622854800,1089,759,330
1622856600,1053,730,323
1622858400,979,696,283
1622860200,946,699,248
1622862000,931,696,235
1622863800,896,662,235
1622865600,891,660,231
1622867400,899,664,235
1622869200,905,665,240
1622871000,913,663,250
1622872800,944,663,281
1622874600,919,646,272
1622876400,883,646,237
1622878200,863,643,220
1622880000,876,640,236
1622881800,872,638,234
1622883600,881,645,236
1622885400,852,640,212
1622887200,863,633,230
1622889000,857,633,225
1622890800,857,630,226
1622892600,851,636,215
1622894400,840,629,211
1622896200,834,637,197
1622898000,864,635,229
1622899800,886,641,245
1622901600,849,640,209
1622903400,842,645,197
1622905200,862,645,217
1622907000,811,595,215
1622908800,823,594,230
1622910600,782,588,194
1622912400,813,601,213
1622914200,847,602,245
1622916000,821,593,228
1622917800,837,595,242
1622919600,817,590,227
1622921400,810,590,220
1622923200,797,591,206
1622925000,803,591,213
1622926800,824,591,232
1622928600,807,589,218
1622930400,800,589,211
1622932200,811,588,222
1622934000,844,589,255
1622935800,823,589,233
1622937600,813,592,221
1622939400,793,593,200
1622941200,801,583,218
1622943000,804,594,210
1622944800,790,592,198
1622946600,798,598,200
1622948400,816,590,226
1622950200,812,579,233
1622952000,791,585,206
1622953800,751,576,175
1622955600,764,576,188
1622957400,783,575,207
1622959200,787,587,200
1622961000,771,579,192
1622962800,761,577,184
1622964600,761,575,186
1622966400,774,581,192
1622968200,772,570,202
1622970000,788,576,212
1622971800,770,573,197
1622973600,764,572,192
1622975400,768,570,198
1622977200,780,575,205
1622979000,778,572,207
1622980800,770,563,207
1622982600,764,569,195
1622984400,766,577,189
1622986200,771,577,194
1622988000,769,581,188
1622989800,759,576,183
1622991600,765,579,186
1622993400,769,579,190
1622995200,761,582,179
1622997000,768,580,187
1622998800,797,583,214
1623000600,800,585,216
1623002400,791,578,213
1623004200,799,585,214
1623006000,802,577,225
1623007800,795,586,209
1623009600,799,575,224
1623011400,785,576,209
1623013200,785,581,204
1623015000,792,577,216
1623016800,795,576,219
1623018600,787,581,206
1623020400,784,577,207
1623022200,788,572,216
1623024000,796,581,215
1623025800,813,577,235
1623027600,803,580,223
1623029400,787,576,210
1623031200,785,586,199
1623033000,785,580,205
1623034800,802,583,218
1623036600,765,564,201
1623038400,778,570,208
1623040200,773,575,198
1623042000,768,565,203
1623043800,798,574,224
1623045600,784,579,205
1623047400,770,572,198
1623049200,785,585,200
1623051000,798,576,222
1623052800,788,579,209
1623054600,815,589,226
1623056400,787,583,204
1623058200,750,571,179
1623060000,756,570,186
1623061800,803,573,230
1623063600,797,574,223
1623065400,775,577,198
1623067200,767,579,188
1623069000,809,588,220
1623070800,847,593,254
1623072600,852,619,233
1623074400,897,650,247
1623076200,1057,696,361
1623078000,1118,739,379
1623079800,1114,756,357
1623081600,1124,766,358
1623083400,1194,785,410
1623085200,1208,818,390
1623087000,1223,802,421
1623088800,1185,825,360
1623090600,1089,783,306
1623092400,1109,780,328
1623094200,1131,780,351
1623096000,1157,810,347
1623097800,1217,815,402
1623099600,1274,811,462
1623101400,1271,824,447
1623103200,1208,841,367
1623105000,1196,836,360
1623106800,1199,808,391
1623108600,1133,788,345
1623110400,1108,785,323
1623112200,1060,765,294
1623114000,1045,747,297
1623115800,1023,733,290
1623117600,1000,721,279
1623119400,978,709,269
1623121200,946,698,248
1623123000,929,700,229
1623124800,928,693,235
1623126600,944,697,246
1623128400,920,679,241
1623130200,945,681,263
1623132000,912,664,247
1623133800,877,654,222
1623135600,876,658,219
1623137400,903,659,245
1623139200,907,656,252
1623141000,899,647,253
1623142800,871,647,224
1623144600,884,646,238
1623146400,880,636,244
1623148200,853,632,221
1623150000,863,635,229
1623151800,872,641,230
1623153600,874,652,222
1623155400,883,650,233
1623157200,914,666,248
1623159000,947,686,260
1623160800,993,702,291
1623162600,1115,751,364
1623164400,1237,804,434
1623166200,1146,800,346
1623168000,1196,837,360
1623169800,1197,845,352
1623171600,1257,841,416
1623173400,1195,796,398
1623175200,1124,775,349
1623177000,1085,759,326
1623178800,1085,763,322
1623180600,1121,773,348
1623182400,1150,786,363
1623184200,1162,786,376
1623186000,1220,790,430
1623187800,1191,785,406
1623189600,1173,768,405
1623191400,1167,772,394
1623193200,1203,791,411
1623195000,1119,784,335
1623196800,1092,771,321
1623198600,1105,765,340
1623200400,1071,747,325
1623202200,1032,728,304
1623204000,1019,706,313
1623205800,1001,713,288
1623207600,981,708,273
1623209400,973,706,266
1623211200,984,712,271
1623213000,964,699,265
1623214800,965,685,280
1623216600,954,698,256
1623218400,946,702,244
1623220200,897,679,217
1623222000,939,685,254
1623223800,901,670,231
1623225600,929,666,264
1623227400,932,661,271
1623229200,922,665,258
1623231000,894,661,233
1623232800,900,658,242
1623234600,923,657,265
1623236400,915,656,259
1623238200,885,647,238
1623240000,917,671,246
1623241800,939,675,264
1623243600,960,676,284
1623245400,964,684,280
1623247200,1006,714,292
1623249000,1170,781,389
1623250800,1251,831,420
1623252600,1178,807,372
1623254400,1245,834,410
1623256200,1244,829,414
1623258000,1297,848,449
1623259800,1263,868,396
1623261600,1239,858,381
1623263400,1207,819,388
1623265200,1153,800,354
1623267000,1154,791,363
1623268800,1214,824,390
1623270600,1225,836,389
1623272400,1246,830,416
1623274200,1245,839,406
1623276000,1264,858,406
1623277800,1244,834,410
1623279600,1259,826,433
1623281400,1184,817,367
1623283200,1135,783,353
1623285000,1115,763,352
1623286800,1103,759,343
1623288600,1069,751,318
1623290400,1056,744,312
1623292200,1018,716,302
1623294000,973,710,264
1623295800,973,703,271
1623297600,970,709,261
1623299400,976,708,268
1623301200,964,700,264
1623303000,958,684,274
1623304800,949,690,259
1623306600,920,668,252
1623308400,925,670,254
1623310200,926,669,257
1623312000,918,657,261
1623313800,900,658,242
1623315600,896,663,233
1623317400,926,660,266
1623319200,919,653,266
1623321000,903,670,233
1623322800,891,672,219
1623324600,880,656,224
1623326400,916,656,260
1623328200,931,667,264
1623330000,931,677,254
1623331800,979,702,276
1623333600,1063,724,339
1623335400,1156,778,378
1623337200,1178,812,367
1623339000,1204,838,366
1623340800,1291,884,407
1623342600,1250,873,378
1623344400,1305,856,450
1623346200,1298,842,456
1623348000,1193,828,365
1623349800,1161,827,333
1623351600,1122,805,317
1623353400,1101,780,321
1623355200,1132,796,335
1623357000,1166,830,337
1623358800,1202,838,364
1623360600,1212,841,371
1623362400,1159,816,343
1623364200,1164,801,363
1623366000,1133,797,336
1623367800,1081,778,303
1623369600,1024,734,290
1623371400,979,712,267
1623373200,1000,707,293
1623375000,946,681,265
1623376800,937,673,264
1623378600,920,665,255
1623380400,910,656,254
1623382200,871,638,232
1623384000,860,646,214
1623385800,869,634,235
1623387600,852,637,214
1623389400,856,644,212
1623391200,864,640,225
1623393000,856,626,230
1623394800,843,624,219
1623396600,828,617,211
1623398400,816,619,196
1623400200,814,608,206
1623402000,813,597,216
1623403800,815,596,220
1623405600,804,597,207
1623407400,805,605,200
1623409200,793,599,194
1623411000,817,597,220
1623412800,857,615,242
1623414600,846,617,229
1623416400,864,626,238
1623418200,908,654,255
1623420000,951,674,277
1623421800,1048,709,340
1623423600,1132,755,377
1623425400,1121,776,345
1623427200,1171,795,376
1623429000,1203,815,388
1623430800,1190,812,378
1623432600,1188,834,354
1623434400,1179,835,344
1623436200,1145,801,344
1623438000,1087,777,310
1623439800,1073,777,296
1623441600,1094,768,326
1623443400,1146,803,343
1623445200,1263,837,426
1623447000,1162,823,339
1623448800,1124,789,335
1623450600,1116,785,332
1623452400,1128,801,328
1623454200,1053,780,274
1623456000,1001,737,263
1623457800,995,718,277
1623459600,989,710,279
1623461400,921,687,234
1623463200,894,686,208
1623465000,892,672,220
1623466800,905,666,238
1623468600,879,668,211
1623470400,893,656,237
1623472200,875,657,219
1623474000,874,656,218
1623475800,846,642,204
1623477600,841,651,191
1623479400,847,650,197
1623481200,837,632,205
1623483000,830,621,209
1623484800,854,627,227
1623486600,847,634,213
1623488400,851,618,232
1623490200,819,615,204
1623492000,844,617,228
1623493800,818,611,207
1623495600,813,616,197
1623497400,810,609,201
1623499200,823,613,210
1623501000,847,616,231
1623502800,845,617,227
1623504600,824,615,209
1623506400,823,610,213
1623508200,828,618,211
1623510000,842,617,225
1623511800,838,613,225
1623513600,875,610,265
1623515400,824,616,208
1623517200,834,614,220
1623519000,860,628,232
1623520800,853,627,225
1623522600,873,624,249
1623524400,878,628,250
1623526200,857,616,241
1623528000,857,615,242
1623529800,854,616,238
1623531600,858,621,237
1623533400,821,608,213
1623535200,805,613,192
1623537000,798,614,185
1623538800,814,621,192
1623540600,796,622,174
1623542400,803,621,182
1623544200,784,615,169
1623546000,787,620,167
1623547800,780,610,170
1623549600,783,617,166
1623551400,779,612,166
1623553200,779,617,162
1623555000,750,595,156
1623556800,761,594,168
1623558600,766,594,172
1623560400,764,595,169
1623562200,745,590,154
1623564000,745,584,161
1623565800,753,585,167
1623567600,776,587,189
1623569400,750,586,164
1623571200,765,595,170
1623573000,757,587,169
1623574800,764,588,175
1623576600,744,585,159
1623578400,771,587,185
1623580200,769,585,184
1623582000,764,587,177
1623583800,749,577,171
1623585600,754,597,157
1623587400,787,631,156
1623589200,783,586,197
1623591000,763,580,182
1623592800,743,580,163
1623594600,748,584,164
1623596400,770,587,183
1623598200,754,585,169
1623600000,744,586,158
1623601800,750,589,162
1623603600,803,606,197
1623605400,801,601,200
1623607200,809,601,207
1623609000,808,601,207
1623610800,814,601,213
1623612600,799,598,201
1623614400,795,603,192
1623616200,773,596,177
1623618000,772,589,183
1623619800,779,591,189
1623621600,793,591,201
1623623400,787,602,186
1623625200,789,598,190
1623627000,789,595,194
1623628800,798,596,202
1623630600,774,602,172
1623632400,774,594,181
1623634200,763,590,173
1623636000,787,609,177
1623637800,787,599,189
1623639600,779,598,181
1623641400,772,592,180
1623643200,783,596,187
1623645000,761,593,168
1623646800,772,594,177
1623648600,760,586,174
1623650400,783,596,186
1623652200,766,595,172
1623654000,765,587,178
1623655800,761,586,175
1623657600,750,580,170
1623659400,748,580,168
1623661200,760,573,187
1623663000,772,571,201
1623664800,765,577,187
1623666600,749,580,169
1623668400,771,579,192
1623670200,760,576,184
1623672000,769,584,184
1623673800,794,595,199
1623675600,824,605,218
1623677400,867,629,237
1623679200,915,662,253
1623681000,1003,710,293
1623682800,1114,752,362
1623684600,1143,781,361
1623686400,1161,800,362
1623688200,1180,814,366
1623690000,1233,833,400
1623691800,1224,804,420
1623693600,1149,788,360
1623695400,1074,769,305
1623697200,1099,769,330
1623699000,1146,785,361
1623700800,1169,794,376
1623702600,1178,767,411
1623704400,1122,735,388
1623706200,1094,732,362
1623708000,1098,734,365
1623709800,1134,752,382
1623711600,1094,730,365
1623713400,1057,717,341
1623715200,1067,699,367
1623717000,1006,678,327
1623718800,957,645,312
1623720600,917,625,291
1623722400,890,616,274
1623724200,883,617,266
1623726000,874,619,255
1623727800,829,597,232
1623729600,898,611,287
1623731400,877,601,276
1623733200,854,600,255
1623735000,827,586,240
1623736800,793,571,221
1623738600,826,568,258
1623740400,778,565,214
1623742200,778,555,223
1623744000,776,561,215
1623745800,765,553,212
1623747600,772,557,215
1623749400,775,552,223
1623751200,772,554,218
1623753000,766,545,221
1623754800,759,552,206
1623756600,793,556,237
1623758400,777,567,210
1623760200,789,573,216
1623762000,852,585,267
1623763800,855,607,249
1623765600,854,609,244
1623767400,992,659,333
1623769200,1066,703,364
1623771000,1095,722,372
1623772800,1106,751,355
1623774600,1142,775,367
1623776400,1136,760,377
1623778200,1158,755,403
1623780000,1181,767,414
1623781800,1077,742,335
1623783600,1047,731,315
1623785400,1016,719,297
1623787200,1049,727,322
1623789000,1077,738,338
1623790800,1127,748,378
1623792600,1124,769,355
1623794400,1086,763,323
1623796200,1064,746,318
1623798000,1117,746,371
1623799800,1044,728,316
1623801600,1003,703,299
1623803400,947,685,261
1623805200,917,672,245
1623807000,886,649,236
1623808800,820,610,211
1623810600,824,614,211
1623812400,839,597,242
1623814200,835,605,229
1623816000,790,600,190
1623817800,765,581,184
1623819600,774,574,200
1623821400,778,574,204
1623823200,796,583,213
1623825000,757,580,177
1623826800,754,578,176
1623828600,764,571,193
1623830400,758,567,191
1623832200,734,562,172
1623834000,734,564,170
1623835800,741,562,179
1623837600,735,563,171
1623839400,741,572,169
1623841200,778,585,193
1623843000,781,593,188
1623844800,771,598,174
1623846600,775,593,182
1623848400,823,614,209
1623850200,845,628,217
1623852000,893,660,233
1623853800,1007,713,294
1623855600,1068,736,332
1623857400,1135,781,355
1623859200,1092,772,320
1623861000,1152,793,360
1623862800,1184,810,374
1623864600,1175,797,378
1623866400,1173,802,370
1623868200,1135,773,362
1623870000,1062,744,319
1623871800,1109,774,335
1623873600,1128,802,325
1623875400,1192,817,376
1623877200,1184,813,371
1623879000,1128,806,322
1623880800,1115,788,327
1623882600,1062,759,303
1623884400,1106,770,336
1623886200,1026,733,294
1623888000,966,707,259
1623889800,965,697,268
1623891600,954,691,263
1623893400,903,655,248
1623895200,870,638,231
1623897000,871,645,226
1623898800,857,634,223
1623900600,838,633,206
1623902400,857,634,224
1623904200,862,620,242
1623906000,851,624,228
1623907800,834,607,227
1623909600,813,599,214
1623911400,790,592,198
1623913200,795,583,212
1623915000,788,575,213
1623916800,773,580,192
1623918600,751,568,183
1623920400,773,578,195
1623922200,745,563,182
1623924000,749,566,182
1623925800,743,559,184
1623927600,763,570,194
1623929400,769,574,195
1623931200,766,577,189
1623933000,773,581,192
1623934800,813,593,219
1623936600,857,619,238
1623938400,872,634,237
1623940200,960,681,279
1623942000,1074,744,329
1623943800,1132,789,343
1623945600,1105,767,338
1623947400,1128,791,336
1623949200,1133,794,340
1623951000,1107,773,334
1623952800,1092,749,343
1623954600,1080,779,301
1623956400,1082,769,313
1623958200,1088,755,333
1623960000,1104,757,347
1623961800,1103,759,344
1623963600,1066,752,314
1623965400,1106,776,330
1623967200,1141,782,359
1623969000,1085,774,311
1623970800,1039,762,276
1623972600,1017,735,282
1623974400,978,691,288
1623976200,915,664,251
1623978000,897,638,258
1623979800,869,630,239
1623981600,856,629,227
1623983400,872,639,233
1623985200,863,635,227
1623987000,881,629,252
1623988800,884,649,235
1623990600,824,622,202
1623992400,820,609,211
1623994200,812,602,210
1623996000,790,589,201
1623997800,755,577,178
1623999600,777,589,188
1624001400,780,578,202
1624003200,773,574,199
1624005000,777,585,192
1624006800,771,577,194
1624008600,752,565,187
1624010400,752,577,176
1624012200,754,572,182
1624014000,787,581,206
1624015800,776,576,199
1624017600,764,583,182
1624019400,762,579,183
1624021200,803,593,210
1624023000,825,625,200
1624024800,905,652,252
1624026600,947,665,282
1624028400,1018,710,308
1624030200,1079,742,337
1624032000,1106,748,358
1624033800,1108,763,345
1624035600,1151,794,356
1624037400,1110,771,338
1624039200,1121,775,346
1624041000,1065,763,303
1624042800,1040,756,284
1624044600,1032,752,280
1624046400,1097,774,324
1624048200,1116,792,324
1624050000,1143,803,340
1624051800,1160,797,362
1624053600,1180,823,357
1624055400,1085,786,299
1624057200,1075,756,319
1624059000,1051,759,292
1624060800,1022,731,291
1624062600,970,703,268
1624064400,974,691,283
1624066200,922,672,249
1624068000,910,667,244
1624069800,897,664,233
1624071600,940,670,270
1624073400,891,654,237
1624075200,876,644,232
1624077000,858,636,223
1624078800,847,634,213
1624080600,840,626,214
1624082400,815,609,206
1624084200,820,611,210
1624086000,810,610,200
1624087800,819,612,208
1624089600,811,608,203
1624091400,809,603,207
1624093200,807,606,201
1624095000,788,604,184
1624096800,801,609,192
1624098600,790,601,189
1624100400,799,604,196
1624102200,799,606,193
1624104000,790,604,186
1624105800,776,599,177
1624107600,781,601,179
1624109400,820,608,212
1624111200,817,607,211
1624113000,812,604,208
1624114800,808,616,191
1624116600,809,616,193
1624118400,803,615,188
1624120200,826,615,210
1624122000,846,613,233
1624123800,836,612,224
1624125600,837,611,226
1624127400,860,612,249
1624129200,869,618,251
1624131000,851,619,233
1624132800,837,620,217
1624134600,834,613,222
1624136400,836,621,215
1624138200,822,608,214
1624140000,809,615,193
1624141800,791,613,178
1624143600,797,608,189
1624145400,794,610,184
1624147200,793,620,174
1624149000,791,611,180
1624150800,802,617,185
1624152600,774,609,165
1624154400,764,600,164
1624156200,778,606,172
1624158000,788,606,182
1624159800,772,600,172
1624161600,785,602,182
1624163400,773,603,170
1624165200,766,601,165
1624167000,767,589,178
1624168800,725,575,150
1624170600,717,570,148
1624172400,754,585,169
1624174200,762,590,172
1624176000,749,586,162
1624177800,736,575,161
1624179600,742,576,166
1624181400,751,581,170
1624183200,760,580,179
1624185000,771,576,194
1624186800,766,574,192
1624188600,761,577,183
1624190400,745,580,165
1624192200,746,580,166
1624194000,779,585,194
1624195800,766,591,174
1624197600,744,583,161
1624199400,743,576,167
1624201200,783,592,191
1624203000,769,595,174
1624204800,761,598,163
1624206600,742,589,153
1624208400,745,615,130
1624210200,794,604,189
1624212000,795,594,201
1624213800,779,589,190
1624215600,771,594,177
1624217400,748,584,164
1624219200,768,583,185
1624221000,753,581,172
1624222800,762,591,171
1624224600,768,599,169
1624226400,760,588,172
1624228200,768,587,181
1624230000,754,592,162
1624231800,772,593,179
1624233600,755,592,162
1624235400,781,590,191
1624237200,779,598,181
1624239000,775,606,169
1624240800,782,611,171
1624242600,777,593,185
1624244400,803,598,205
1624246200,762,588,174
1624248000,758,589,169
1624249800,771,589,182
1624251600,773,586,187
1624253400,779,585,194
1624255200,787,589,198
1624257000,752,580,171
1624258800,758,588,170
1624260600,750,579,171
1624262400,756,580,176
1624264200,763,571,192
1624266000,752,575,178
1624267800,759,572,187
1624269600,768,571,197
1624271400,748,580,168
1624273200,755,587,168
1624275000,767,581,186
1624276800,796,599,197
1624278600,826,611,215
1624280400,809,601,208
1624282200,846,609,237
1624284000,953,658,295
1624285800,1006,708,298
1624287600,1059,753,306
1624289400,1157,780,377
1624291200,1112,774,338
1624293000,1134,784,350
1624294800,1203,796,407
1624296600,1201,833,368
1624298400,1151,826,325
1624300200,1133,804,329
1624302000,1088,795,293
1624303800,1089,813,276
1624305600,1122,811,310
1624307400,1151,824,327
1624309200,1221,851,370
1624311000,1257,901,355
1624312800,1187,824,363
1624314600,1138,819,318
1624316400,1087,800,288
1624318200,1101,781,320
1624320000,1063,771,293
1624321800,1007,744,264
1624323600,997,736,262
1624325400,957,719,238
1624327200,946,715,232
1624329000,951,720,231
1624330800,946,722,224
1624332600,927,711,216
1624334400,904,687,216
1624336200,910,678,232
1624338000,894,676,218
1624339800,850,658,192
1624341600,845,657,187
1624343400,830,647,183
1624345200,821,641,180
1624347000,816,639,176
1624348800,813,632,181
1624350600,841,637,204
1624352400,827,626,200
1624354200,810,624,186
1624356000,811,623,188
1624357800,792,618,174
1624359600,815,631,184
1624361400,820,621,199
1624363200,813,620,193
1624365000,843,636,208
1624366800,887,656,231
1624368600,939,693,246
1624370400,936,694,242
1624372200,1007,724,283
1624374000,1128,772,356
1624375800,1165,832,333
1624377600,1165,830,335
1624379400,1122,803,318
1624381200,1172,814,358
1624383000,1123,806,317
1624384800,1131,815,315
1624386600,1113,804,309
1624388400,1134,804,330
1624390200,1127,805,322
1624392000,1187,823,363
1624393800,1177,816,361
1624395600,1162,834,328
1624397400,1165,818,347
1624399200,1176,828,348
1624401000,1199,827,373
1624402800,1146,795,351
1624404600,1050,768,282
1624406400,1005,735,269
1624408200,991,719,271
1624410000,1016,731,284
1624411800,939,708,232
1624413600,907,689,218
1624415400,920,688,232
1624417200,896,679,217
1624419000,879,663,216
1624420800,868,659,210
1624422600,865,645,220
1624424400,831,638,193
1624426200,823,625,198
1624428000,810,617,193
1624429800,823,622,201
1624431600,815,619,196
1624433400,817,616,201
1624435200,800,614,187
1624437000,800,611,189
1624438800,782,605,178
1624440600,784,600,185
1624442400,807,605,201
1624444200,783,605,178
1624446000,784,606,178
1624447800,789,600,189
1624449600,803,603,200
1624451400,819,613,206
1624453200,836,633,202
1624455000,870,647,222
1624456800,960,677,283
1624458600,1085,732,353
1624460400,1136,753,382
1624462200,1109,785,324
1624464000,1144,769,375
1624465800,1149,794,355
1624467600,1172,793,379
1624469400,1148,799,349
1624471200,1095,772,322
1624473000,1082,772,311
1624474800,1081,749,332
1624476600,1056,772,284
1624478400,1089,778,311
1624480200,1145,794,351
1624482000,1154,814,340
1624483800,1108,803,305
1624485600,1177,814,363
1624487400,1130,811,319
1624489200,1107,784,323
1624491000,1105,771,334
1624492800,1042,755,287
1624494600,1009,730,279
1624496400,971,714,257
1624498200,921,695,226
1624500000,904,674,230
1624501800,898,676,222
1624503600,892,669,223
1624505400,875,661,214
1624507200,878,658,220
1624509000,865,649,215
1624510800,852,646,206
1624512600,832,642,190
1624514400,819,630,189
1624516200,816,624,192
1624518000,831,623,207
1624519800,805,617,189
1624521600,811,618,193
1624523400,772,607,165
1624525200,739,587,152
1624527000,735,586,148
1624528800,742,585,157
1624530600,763,586,176
1624532400,772,593,179
1624534200,757,598,160
1624536000,752,597,155
1624537800,758,594,164
1624539600,819,621,198
1624541400,855,648,207
1624543200,934,687,247
1624545000,1041,726,315
1624546800,1121,789,332
1624548600,1127,777,350
1624550400,1123,783,341
1624552200,1121,794,327
1624554000,1189,803,386
1624555800,1129,796,333
1624557600,1127,801,326
1624559400,1100,780,321
1624561200,1130,795,335
1624563000,1082,762,320
1624564800,1123,784,339
1624566600,1172,827,345
1624568400,1147,794,353
1624570200,1175,814,361
1624572000,1245,832,414
1624573800,1212,829,383
1624575600,1158,801,356
1624577400,1095,758,337
1624579200,1055,734,321
1624581000,972,705,266
1624582800,945,701,244
1624584600,930,687,243
1624586400,924,678,245
1624588200,908,677,231
1624590000,898,672,225
1624591800,884,659,225
1624593600,847,648,199
1624595400,826,631,194
1624597200,816,621,195
1624599000,799,624,175
1624600800,810,617,193
1624602600,805,603,202
1624604400,805,611,194
1624606200,796,608,187
1624608000,787,603,184
1624609800,775,590,185
1624611600,779,592,188
1624613400,776,587,189
1624615200,761,584,178
1624617000,755,586,170
1624618800,792,595,197
1624620600,785,592,194
1624622400,789,599,190
1624624200,809,601,208
1624626000,822,612,211
1624627800,850,636,214
1624629600,911,666,245
1624631400,1045,726,319
1624633200,1113,743,369
1624635000,1135,765,369
1624636800,1087,759,329
1624638600,1142,772,370
1624640400,1200,806,394
1624642200,1155,806,350
1624644000,1132,799,333
1624645800,1077,776,301
1624647600,1073,771,302
1624649400,1089,756,334
1624651200,1136,777,359
1624653000,1151,786,365
1624654800,1151,792,359
1624656600,1151,787,365
1624658400,1174,800,374
1624660200,1150,800,350
1624662000,1124,792,333
1624663800,1060,747,313
1624665600,998,717,281
1624667400,962,693,269
1624669200,935,677,257
1624671000,880,650,229
1624672800,879,645,234
1624674600,857,627,230
1624676400,869,630,239
1624678200,851,619,232
1624680000,827,607,220
1624681800,802,599,203
1624683600,804,601,204
1624685400,784,587,197
1624687200,790,593,197
1624689000,808,600,208
1624690800,801,590,211
1624692600,762,585,176
1624694400,781,589,192
1624696200,760,581,180
1624698000,788,593,194
1624699800,754,584,170
1624701600,759,577,182
1624703400,760,574,186
1624705200,745,578,167
1624707000,754,576,178
1624708800,762,575,187
1624710600,782,583,199
1624712400,762,575,187
1624714200,765,575,190
1624716000,758,576,181
1624717800,772,578,194
1624719600,818,595,224
1624721400,809,594,215
1624723200,818,594,224
1624725000,811,603,208
1624726800,823,592,230
1624728600,796,587,210
1624730400,794,585,209
1624732200,781,582,199
1624734000,788,589,199
1624735800,764,581,183
1624737600,756,574,182
1624739400,755,575,179
1624741200,768,575,193
1624743000,767,573,194
1624744800,781,582,199
1624746600,773,577,196
1624748400,761,576,185
1624750200,761,576,185
1624752000,766,582,184
1624753800,758,577,180
1624755600,753,572,181
1624757400,749,571,178
1624759200,761,580,181
1624761000,766,573,193
1624762800,738,565,174
1624764600,701,557,144
1624766400,734,548,186
1624768200,749,562,187
1624770000,739,553,186
1624771800,745,559,186
1624773600,725,560,165
1624775400,722,560,162
1624777200,720,551,168
1624779000,726,553,173
1624780800,722,555,167
1624782600,728,556,173
1624784400,738,557,180
1624786200,731,550,181
1624788000,723,549,174
1624789800,714,551,163
1624791600,722,556,166
1624793400,720,555,166
1624795200,718,557,161
1624797000,719,554,165
1624798800,718,554,164
1624800600,709,549,161
1624802400,710,554,156
1624804200,718,556,163
1624806000,714,555,159
1624807800,755,557,198
1624809600,765,553,212
1624811400,725,555,170
1624813200,746,559,187
1624815000,756,547,208
1624816800,732,553,179
1624818600,727,551,176
1624820400,731,562,169
1624822200,733,556,177
1624824000,722,556,166
1624825800,722,558,164
1624827600,741,564,176
1624829400,741,559,182
1624831200,737,561,176
1624833000,741,557,184
1624834800,756,558,198
1624836600,744,562,182
1624838400,729,562,167
1624840200,756,571,185
1624842000,761,567,193
1624843800,729,567,162
1624845600,732,564,169
1624847400,735,564,171
1624849200,753,561,192
1624851000,720,561,159
1624852800,727,565,162
1624854600,735,563,172
1624856400,735,566,169
1624858200,745,552,193
1624860000,720,561,159
1624861800,736,560,176
1624863600,741,556,185
1624865400,714,550,164
1624867200,717,549,168
1624869000,719,548,170
1624870800,727,543,184
1624872600,717,548,169
1624874400,714,553,161
1624876200,711,547,164
1624878000,740,558,182
1624879800,739,553,186
1624881600,723,559,165
1624883400,745,580,165
1624885200,799,594,205
1624887000,861,626,234
1624888800,931,653,278
1624890600,1004,702,302
1624892400,1082,739,343
1624894200,1096,747,348
1624896000,1165,760,406
1624897800,1104,768,337
1624899600,1155,787,367
